{
  "version": 2,
  "builds": [
    {
      "src": "package.json",
      "use": "@vercel/static-build",
      "config": {
        "distDir": "build"
      }
    }
  ],
  "routes": [
    {
      "src": "/static/(.*)",
      "dest": "/static/$1",
      "headers": {
        "Cache-Control": "public, max-age=31536000, immutable"
      }
    },
    {
      "src": "/favicon.ico",
      "dest": "/favicon.ico",
      "headers": {
        "Cache-Control": "public, max-age=86400"
      }
    },
    {
      "src": "/manifest.json",
      "dest": "/manifest.json",
      "headers": {
        "Cache-Control": "public, max-age=86400"
      }
    },
    {
      "src": "/(.*)",
      "dest": "/index.html",
      "headers": {
        "Cache-Control": "public, max-age=0, must-revalidate"
      }
    }
  ],
  "env": {
    "REACT_APP_API_URL": "@react_app_api_url"
  },
  "functions": {
    "app/api/**/*.js": {
      "maxDuration": 30
    }
  },
  "headers": [
    {
      "source": "/(.*)",
      "headers": [
        {
          "key": "X-Content-Type-Options",
          "value": "nosniff"
        },
        {
          "key": "X-Frame-Options",
          "value": "DENY"
        },
        {
          "key": "X-XSS-Protection",
          "value": "1; mode=block"
        }
      ]
    }
  ]
}
